,0_alg_name,1_accuracy_score,2_precision_score,3_recall_score,4_auc_score,5_F1_score
0,Logistic_pipe,0.7988826815642458,0.7605633802816901,0.7397260273972602,0.789674334453347,0.75
1,RandomForest_pipe,0.7932960893854749,0.8214285714285714,0.6301369863013698,0.7678986818299303,0.7131782945736433
2,GradientBoost_pipe,0.776536312849162,0.8113207547169812,0.589041095890411,0.7473507366244508,0.6825396825396826
3,XgbRegression,0.7932960893854749,0.86,0.589041095890411,0.7615016800206773,0.6991869918699187
